{"accuracy": [0.7515442967414856, 0.7597803473472595, 0.7958133220672607, 0.7978723645210266, 0.8768016695976257, 0.8973919153213501, 0.9104323983192444, 0.9100891947746277, 0.9183253049850464, 0.9564173221588135, 0.9649965763092041, 0.9722031354904175, 0.9526424407958984, 0.9725463390350342, 0.978723406791687, 0.9873026609420776, 0.9722031354904175, 0.9849004745483398, 0.9876458644866943, 0.9948524236679077, 0.9873026609420776, 0.9763212203979492, 0.9759780168533325, 0.9691146016120911, 0.9907343983650208, 0.9859299659729004, 0.9893617033958435, 0.9879890084266663, 0.988332211971283, 0.992107093334198, 0.9975978136062622, 0.9701441526412964, 0.9879890084266663, 0.9907343983650208, 0.9982841610908508, 0.9945092797279358, 0.986616313457489, 0.9931365847587585, 0.9790665507316589, 0.9838709831237793, 0.982841432094574, 0.9893617033958435, 0.9897048473358154, 0.9722031354904175, 0.9917638897895813, 0.9969114661216736, 0.9989705085754395, 0.9993136525154114, 0.9996568560600281, 0.9996568560600281], "loss": [0.6799982786178589, 0.6479783654212952, 0.5579261183738708, 0.5855146050453186, 0.3433506488800049, 0.29000160098075867, 0.24802228808403015, 0.26584458351135254, 0.2239740788936615, 0.1344982087612152, 0.1088143065571785, 0.08044601231813431, 0.15252505242824554, 0.07959913462400436, 0.06734202057123184, 0.047207605093717575, 0.0880676880478859, 0.050891678780317307, 0.03558875992894173, 0.02457808144390583, 0.04193878546357155, 0.07515604794025421, 0.07093621045351028, 0.10631704330444336, 0.03146253153681755, 0.04410812258720398, 0.03390588238835335, 0.03670977056026459, 0.04410448670387268, 0.029056234285235405, 0.012228839099407196, 0.09257683157920837, 0.0444067120552063, 0.028923645615577698, 0.009576709009706974, 0.018926173448562622, 0.04921068251132965, 0.023880908265709877, 0.05921895056962967, 0.044550903141498566, 0.04707544296979904, 0.031552866101264954, 0.03330794721841812, 0.09385176002979279, 0.024868696928024292, 0.013120540417730808, 0.004553440026938915, 0.0041265832260251045, 0.0018409555777907372, 0.0008522563148289919], "val_accuracy": [0.3382352888584137, 0.4732620418071747, 0.43048128485679626, 0.45053476095199585, 0.4318181872367859, 0.4692513346672058, 0.45989304780960083, 0.4625668525695801, 0.4211229979991913, 0.5, 0.4679144322872162, 0.5026738047599792, 0.48262032866477966, 0.4692513346672058, 0.4679144322872162, 0.4532085657119751, 0.4532085657119751, 0.4491978585720062, 0.48796790838241577, 0.48128342628479004, 0.48663100600242615, 0.46122995018959045, 0.4732620418071747, 0.4358288645744324, 0.48663100600242615, 0.48128342628479004, 0.437165766954422, 0.4157753884792328, 0.4786096215248108, 0.4692513346672058, 0.4732620418071747, 0.4692513346672058, 0.48128342628479004, 0.4786096215248108, 0.4786096215248108, 0.4852941036224365, 0.4745989441871643, 0.48796790838241577, 0.46657752990722656, 0.47593581676483154, 0.4852941036224365, 0.48796790838241577, 0.4946524202823639, 0.4946524202823639, 0.4732620418071747, 0.5, 0.5147058963775635, 0.5080214142799377, 0.5026738047599792, 0.5133689641952515], "val_loss": [1.984152913093567, 1.4943326711654663, 1.943993091583252, 1.9332245588302612, 2.403510570526123, 2.207906723022461, 2.488670825958252, 2.219749689102173, 2.4354043006896973, 2.31023907661438, 2.533971071243286, 2.6006953716278076, 2.5755631923675537, 2.9211318492889404, 2.893604040145874, 3.2582292556762695, 2.6740667819976807, 3.3029210567474365, 2.93139910697937, 2.9962575435638428, 2.8214657306671143, 2.686018466949463, 2.7588388919830322, 3.2176241874694824, 3.072634220123291, 2.736562728881836, 3.5950281620025635, 3.4152731895446777, 3.0084190368652344, 3.173405170440674, 3.5665884017944336, 2.853750228881836, 3.1084940433502197, 3.2764718532562256, 3.5727381706237793, 3.2613961696624756, 2.9909095764160156, 2.919090986251831, 2.6633286476135254, 3.498051166534424, 3.2601864337921143, 3.4617059230804443, 3.2257442474365234, 2.8083443641662598, 3.0647175312042236, 3.466402053833008, 3.275378942489624, 3.1664023399353027, 3.2675817012786865, 3.388406276702881]}